{"cameraMode":{"drawMode":0,"name":"Shaded","section":"Shading Mode"},"sceneLighting":false,"audioPlay":false,"sceneViewState":{"showFog":true,"showMaterialUpdate":false,"showSkybox":false,"showFlares":true,"showImageEffects":true,"showParticleSystems":true},"in2DMode":false,"pivot":{"x":0.0,"y":0.8299999237060547,"z":3.9600000381469728},"rotation":{"x":-0.6461725831031799,"y":0.21200554072856904,"z":-0.1937406063079834,"w":-0.7070967555046082},"size":0.4330126941204071,"orthographic":false}